MD_ft,Resistivity,YM/PR,GR,Minimum Horizontal Stress Gradient,Fracability
13472.77207,466.6268436,16.34127917,481.4148507,0.703537673,1
9370.348405,577.2539505,15.40319164,324.7505288,0.497241772,0
10634.13067,439.0873327,26.5280423,265.0347271,0.766301618,0
18194.37503,309.6795326,18.78984048,169.4809909,1.218153637,1
18861.97771,614.9598772,18.04847805,480.189015,1.171049401,1
12293.58384,214.2649127,31.7863196,211.5659248,0.408280209,0
13926.6421,403.9686325,30.92724028,434.1686795,0.889440257,0
12031.85884,518.1012934,25.76135443,185.6313804,0.980259232,0
11447.74208,255.8257707,22.55267672,197.8911976,0.894532129,0
11384.78661,918.6064456,25.65353215,501.3035082,1.234063693,1
18943.17811,348.5985924,17.80765921,500.2613431,0.996540694,1
15690.51015,290.0076482,25.80319953,229.9664499,0.451424775,0
10067.94645,401.899766,28.74009965,290.774004,0.677612223,0
14053.60759,357.003611,16.19670623,530.4512847,1.233369334,1
11812.12686,624.2931065,20.05334023,58.68499501,0.894989752,0
15651.21923,548.4917337,17.25576044,225.6012924,0.974099847,1
10549.88035,315.3608156,28.70920623,93.25750835,0.676259164,0
13264.53355,422.0531949,38.29308614,235.6263078,0.890753083,0
13028.97987,387.1110385,26.58776756,446.2789508,0.780666596,0
11326.27228,304.3857524,23.68323184,50.42185595,0.594308312,0
18469.4483,117.4935501,26.5340231,211.4407428,0.589595431,0
9029.170802,343.0351165,30.86167054,16.13514201,0.816805763,0
9753.926324,856.8137317,25.43937041,181.3546674,0.67468269,0
18834.66322,632.2483724,4.917917272,320.0313267,1.114480842,1
16362.68883,325.9330787,18.62562545,274.3614971,0.635429979,0
8503.641818,356.9463505,32.08466301,318.7993389,1.002693226,0
12617.88884,677.9388639,24.00307037,386.9769448,1.376351958,1
13450.45552,624.8179893,15.17187734,458.6811378,0.788733105,1
9991.66397,551.335999,18.86839716,293.5894142,0.292125288,0
20536.50288,444.6300342,22.04471399,538.379582,1.104779684,1
20227.40492,495.8851754,13.52849836,371.1730263,1.089624091,1
11999.89037,861.5890657,11.19054506,398.1981291,0.650182003,1
23667.22775,894.4872793,17.44552374,465.9080466,0.995837667,1
15685.45653,324.5452342,29.81169094,262.7432938,1.30969552,1
18037.33492,577.4292657,14.34807138,398.0658839,1.263689363,1
6719.055383,542.0984571,34.58748681,273.868961,0.731326294,0
6329.709471,519.9224777,22.06805707,236.1147018,0.519386877,0
14447.37719,270.2652809,22.89363851,457.4495808,1.193391014,1
19036.78661,679.294396,29.43007952,438.5947967,1.342749654,1
5047.382518,516.0704365,25.65822329,190.6153559,0.723030111,0
15495.03189,880.7248755,15.95916923,437.4899119,0.979776496,1
10076.12334,155.8475435,26.36943168,340.6550797,0.872180696,0
18747.07845,627.4390345,22.25984726,364.14003,0.949208175,1
11120.73481,678.2522453,24.33260986,114.1381501,0.527356041,0
15371.6692,563.6805181,40.29727846,90.74796752,0.480166577,0
14256.0985,574.3125924,25.43032439,302.9397807,0.819651214,0
9830.326957,411.3756205,33.86777351,210.3752798,0.7206095,0
15266.04803,367.7042477,28.01133201,329.4049635,1.399807783,1
11969.27483,296.5637006,27.07109021,152.2503001,0.918408707,0
16301.28552,800.792437,5.592407783,332.8138701,1.056657263,1
12923.13149,403.9931317,30.87857413,29.99221244,0.773113537,0
22334.37952,649.309983,17.64245897,515.0007797,0.976008629,1
15817.65185,520.4876074,15.24868129,401.4011723,1.212997267,1
18981.76529,479.6170624,15.43613217,425.3434722,1.188891953,1
24660.30374,662.2818472,16.78221007,458.3388504,0.945617691,1
15474.01905,610.7292663,34.31218834,-2.29632317,0.910577765,0
14629.94835,404.3585662,10.87738494,118.0210235,0.663908092,0
17185.32795,410.8356854,34.15206401,276.1843638,0.888901494,1
20688.87446,469.3811515,16.66754559,318.8177931,1.014667699,1
8925.119903,848.6461159,23.34172737,421.9619127,1.207521676,1
15745.58016,593.1097602,30.51965768,214.4835707,0.612100028,0
5614.631068,457.2608393,33.12361298,230.7479617,1.092696148,0
15430.3324,779.1781262,22.08162797,116.1447543,1.047891357,0
9244.689191,368.548839,29.12385911,126.5634258,0.586903301,0
20949.80455,346.5730682,24.09548051,397.5827779,1.044393345,1
11620.62543,484.2123178,15.45131046,383.8184508,0.964304786,1
25382.09707,468.3666713,20.50674714,335.6170689,0.632931913,1
11831.51943,527.2063804,30.04422781,119.6676002,1.042305917,0
21269.26327,646.0000474,33.3381622,444.4380643,1.24729372,1
17876.73946,490.6936149,22.61513656,238.5548617,0.832650349,0
17675.3919,562.8813407,21.41587144,123.9643152,1.005729091,0
12681.7028,214.7657639,27.37178071,370.9445948,0.984742986,0
18071.87023,854.4053729,33.56961379,320.2851075,1.056880435,1
12868.08543,200.8669828,22.72811242,199.7164136,0.992604282,0
18600.49537,371.74227,21.99983857,306.9257746,1.156046791,1
13731.79453,303.1790023,26.78608078,175.8707409,0.901375847,0
8609.568013,321.9794544,34.60675278,370.9958609,0.761147276,0
16905.59697,386.4094079,33.23437327,257.2981358,0.994525788,1
23792.22536,620.2646728,20.00660016,500.9966393,1.102893326,1
20926.08184,509.391725,12.02042248,438.6849534,1.139199195,1
22534.01867,428.3360697,28.19756096,368.1441747,0.77360341,0
20971.36476,80.81100045,24.76217527,264.3995252,0.775849217,1
16339.56851,582.104743,8.636857028,382.4902388,0.849267439,1
19983.94988,607.7641737,21.03023544,289.0403946,1.101312871,1
11882.92384,534.0815463,28.13318269,191.9112366,0.842761134,0
11244.62777,230.2880173,33.44103084,332.1039903,0.614707097,0
13990.31114,364.1577131,8.462365761,237.6300319,1.027460269,1
16838.29608,804.482506,29.57518112,376.2771232,1.278403079,1
24219.75944,680.8428423,29.19892208,474.578268,1.098091877,1
17227.14059,699.9481965,11.62290617,314.4605661,0.920761069,1
12959.64837,747.1787887,26.84253705,294.7643378,1.176462959,1
19826.94946,536.6050193,11.47998582,324.7684563,0.946686561,1
11621.51097,477.8412149,40.79246825,233.0603795,0.885064578,0
22759.71766,721.3224717,16.55144078,419.6356772,0.919480552,1
17251.02993,559.3304122,20.86484376,396.2565564,0.908137944,1
14598.58207,627.1577114,31.72068054,329.2060559,1.508552068,1
12038.65214,616.6465184,28.74100494,235.3413475,1.230314618,1
16868.2398,456.7621155,30.14756703,363.4237423,0.524388592,0
4519.307681,354.8408898,37.76077888,270.3471847,0.88870601,0
11102.30573,522.393586,36.35610661,398.6541877,0.753291575,0
9106.346584,266.7811402,33.63388625,148.8514296,0.780626158,0
14707.14325,436.6447398,21.47195632,143.9214427,1.019444056,0
18200.54191,165.3426809,15.21099497,346.1703413,0.872124542,1
9088.792401,666.3248788,15.57749241,410.3642751,1.141489041,0
13401.02274,430.5744752,15.09316056,228.5678717,1.244958408,1
21999.37678,783.0097015,25.45889924,496.7378941,1.106422921,1
5556.124573,414.5910023,20.45637791,329.5781577,0.722283882,0
11237.30231,656.7606055,40.452585,244.5768724,1.157394724,0
15181.77316,748.3003196,14.17260588,437.790627,1.10452775,1
5482.45008,506.0566654,32.05451679,334.7735987,1.093805304,0
6071.630291,548.5847859,34.75101456,383.4027179,1.029576187,0
13626.11355,497.3783579,19.27682328,343.5344666,1.232581828,1
16164.92695,695.1296551,20.73964885,315.7934116,1.150062708,1
10712.26799,768.8539272,44.49607065,211.652836,0.624221446,0
18020.77027,648.7034611,12.70722964,211.4412984,1.10986617,1
17132.98359,419.0576338,17.82057084,313.0002587,0.978818643,1
17146.0112,272.6495152,17.44056718,456.021669,0.788405886,0
19555.45405,556.3757037,24.56352533,384.2874518,1.309653503,1
19391.23068,569.2263667,11.69153624,336.0582168,1.028749368,1
15890.69944,410.7708157,22.46819728,315.226472,0.912576448,0
14246.21018,708.5767535,21.04129636,275.9104631,1.205670657,1
17664.30934,774.2708128,15.65106593,401.8384806,1.194966749,1
17778.56738,664.8329465,21.11882486,298.2223983,0.873580312,1
12656.19146,679.3447579,16.50537945,226.2551351,1.114532978,1
7516.726709,518.1328061,21.06696232,284.3693132,0.325533115,0
18362.74438,958.9156924,14.36879697,238.2648252,0.899245042,1
15222.70197,750.2929258,9.995417822,149.5074655,1.18148352,1
7107.879356,550.9914255,34.3899775,342.0470076,0.649274328,0
12554.59536,595.67009,15.37121396,263.9431515,0.912489792,1
9206.629947,230.2489803,25.29849091,240.6118397,0.998109601,0
18729.01333,404.5562759,20.08085842,392.1856549,0.565815484,1
9420.779824,339.1384877,23.6621247,225.4921977,0.965797657,0
7978.612063,326.8196099,23.77350666,279.4964594,0.581337168,0
11235.3959,665.9003382,28.76599159,531.9175082,0.909361771,1
17499.62629,649.9063792,15.318851,357.8001639,1.20972164,1
16808.76362,527.2986023,17.13345191,483.564315,0.899238617,1
19074.974,596.8214946,22.44403961,273.8554152,1.171574643,1
11720.592,543.7046894,14.3827287,404.8546423,1.323399409,1
9882.940082,363.8680231,37.49373321,341.9808381,0.680609639,0
11769.72963,381.8059377,33.27937876,210.5622243,1.011085393,0
4848.270716,438.9503315,29.42931419,149.984828,0.985828355,0
20023.40773,451.9030015,8.607883784,474.050622,0.93144368,1
12971.2624,571.9940654,16.81452776,595.7840534,0.883241855,1
18766.57553,685.8552541,27.61254872,422.2025789,0.930649237,1
22268.55074,381.4291806,20.14188916,191.94417,0.962790398,1
9746.963092,324.0348665,29.4381772,85.05312262,0.760840126,0
14152.11054,437.9437585,40.22609701,267.3786395,1.014610703,0
7796.1604,368.6596765,28.59510625,129.652782,0.723644175,0
15008.94523,519.804543,12.63401168,290.6936739,1.245789287,1
17971.3307,554.4543095,25.88108335,409.7980006,0.621245468,0
11620.55619,719.6467474,12.65502702,351.6979722,1.209547165,1
13603.44225,383.1367358,36.68669431,292.4800711,0.856481572,0
18214.36976,497.0096307,23.27620395,356.2737546,1.247476813,1
20271.18826,404.773002,13.72199971,457.342106,0.817178603,1
10055.36025,435.148892,25.50895214,227.9407914,0.64681131,0
8298.622375,583.7990657,22.18150748,110.2756805,0.988594019,0
16762.43464,632.6244887,18.88770113,229.9911983,0.817998984,0
9839.736629,332.2688378,26.70677278,136.385704,1.102869552,0
7122.618599,733.9538651,42.85345637,271.3205829,0.521152228,0
9705.757418,612.0647359,21.90253067,196.0259481,0.655689803,0
8732.33108,397.1284131,30.55468987,403.2382633,0.645306775,0
10954.07223,319.4763356,37.62805008,164.6998169,1.094566816,0
15321.92981,501.1150017,25.8896705,166.4587036,0.797665723,0
16386.14624,683.5201276,27.04564357,443.4300544,0.877969644,1
12043.20827,586.5089378,37.86651112,283.6320582,0.613102816,0
13915.83262,183.8466367,29.67169275,224.2249214,1.102254042,0
16446.7078,802.7264982,15.39529355,303.5439795,1.198960258,1
12763.95939,423.2395587,21.27865874,557.298711,0.67489245,1
17158.12473,425.9370262,15.37753908,329.5658745,0.944591346,1
12532.66391,693.7905859,9.16532213,338.8305878,0.872261982,1
11530.71521,561.9294079,23.99046577,264.5368447,1.049331469,1
13979.06651,632.1301068,23.66437853,543.3257522,1.012489838,1
8764.993887,352.6296128,25.04800654,228.8465769,0.770259875,0
12071.52886,272.6555441,18.39376452,274.9826872,0.615288661,0
16070.58085,459.6466256,19.70427756,296.0952495,1.227646551,1
19894.93575,752.8908542,17.33207631,307.4566199,1.054573562,1
20151.77696,544.5568966,17.18239226,413.6289155,1.138838537,1
16806.56711,534.367394,24.05388981,467.1608824,1.074698601,1
18521.20491,719.6396661,20.95078946,295.2699437,1.132058468,1
8590.096189,619.5606745,28.5576888,172.2333383,0.610969212,0
15316.86685,626.5844614,22.35537337,271.2964727,1.163965086,1
11948.15094,440.6855596,21.10254569,85.83869348,0.652055561,0
15217.50324,785.2498032,14.76811681,328.9899661,1.004834791,1
20991.32585,776.1917253,13.13963366,478.3118198,0.891643439,1
16135.67188,604.9263471,27.07609829,417.9434914,1.201959793,1
8114.80246,337.7227268,17.95721112,377.5586307,0.740729988,0
11699.72974,508.402006,20.34469103,123.8896325,0.850106707,0
9696.880335,463.9116509,40.64025518,31.70351172,0.961539744,0
18243.67892,282.2310954,21.65327843,387.2452921,1.178359865,1
12123.8594,495.4502237,39.30427493,79.7969045,0.797072515,0
13754.24813,275.3458577,22.65565594,141.3915696,0.603409179,0
11524.73948,592.1108449,23.64993327,311.4943908,0.667901779,0
8374.110746,479.8657821,12.73322529,196.325835,0.716089443,0
13280.59617,343.2034092,29.5107037,336.3396411,1.161106804,1
11510.41134,256.9933358,26.84763051,154.8780012,0.753288719,0
12722.68486,713.0432783,11.57895782,209.9352736,1.323818186,1
14488.58865,552.0351333,21.70565496,147.059494,0.551022568,0
17462.69083,392.5238401,37.03474962,274.1829372,0.99920547,0
17029.10549,449.2252217,30.55850606,404.9636498,1.020243838,0
7649.665931,435.4954093,29.70032865,77.43482034,0.751653617,0
15346.61368,430.212603,15.47100597,383.3415954,0.986877398,1
15249.76782,396.30869,24.80695039,409.4578507,0.995379027,1
24580.02697,639.238029,16.07097279,344.4172687,0.862787668,1
10963.85408,526.2108166,34.39798639,204.3250934,0.707362497,0
15079.40111,371.0183526,40.84966245,425.2328035,1.414507382,1
10305.78637,333.5980607,16.26443215,91.9747763,0.641276027,0
8183.828513,229.2258818,29.37229916,172.6734303,1.182001325,0
8743.888835,352.3828616,31.15149394,287.8376455,0.529254729,0
9978.717858,465.1508857,35.88427087,85.67386646,0.577868174,0
16777.79155,719.2572141,14.50646898,326.8185273,1.321534133,1
8153.346387,535.8191231,29.21460497,135.011252,0.45548873,0
10867.6562,740.2135039,18.8798763,439.9387775,0.962861537,1
19610.60459,613.7670703,16.32950807,298.2615629,1.395227352,1
13747.32713,61.73416742,25.42186794,259.5603631,0.923749872,0
16561.09367,233.4936073,21.29259302,224.7563157,1.293977471,1
11311.00478,721.2567688,13.67097492,234.1357393,1.046125989,1
9074.836608,281.9722618,36.40284287,207.868271,0.712045915,0
12860.0811,293.2677829,28.70537393,145.4132249,0.932341959,0
5426.871261,308.5291928,41.53596269,358.5687114,0.876198878,0
10570.84555,739.8084487,39.65814304,183.0378537,0.505733024,0
12047.58855,332.8931777,11.93964004,226.7343531,1.00089015,0
11617.26341,783.0863485,14.75043045,450.8075002,0.811996879,1
13769.00487,582.6299011,18.79994203,209.608763,0.71274954,0
8831.618518,269.1765527,28.3346581,287.3880481,1.41033894,1
8959.931436,273.6734913,31.21296012,392.9626183,0.981124841,0
8771.853826,555.1313141,27.90288148,239.5409643,0.862795323,0
12053.80078,577.9127033,34.34641654,135.3648009,0.621397644,0
11062.6374,422.6996823,12.56398912,348.2361764,1.274638645,1
13198.78097,173.415479,27.75379389,174.1922706,0.614780824,0
16006.02539,629.8194685,42.53763213,495.6243267,1.211932936,0
14365.46547,535.8760335,21.69891785,396.6892761,1.208918924,1
10572.55581,266.7942222,29.72800089,357.0791353,0.669102751,0
8774.334696,252.4846571,30.94975925,310.7882868,0.885372992,0
10217.78801,526.0689216,24.29019583,34.24095813,0.821572964,0
13470.50274,608.5435689,19.53887512,337.1432987,1.087399149,1
13958.94249,275.8968653,17.4451431,471.367156,1.042139949,1
8574.692372,538.4135794,26.08033268,319.382248,0.674361046,0
10613.01354,372.0177543,18.77387539,125.8283874,0.412768759,0
11277.07169,775.8405764,11.75118542,462.5142731,0.880956442,1
13681.82367,529.9148717,8.801139069,298.6476283,0.913215184,1
17688.47587,297.9318568,19.95139526,238.0564849,0.643371739,0
3544.01729,478.7251637,24.17275251,319.8915653,0.425796626,0
16135.64197,517.2663555,30.75451457,349.6450775,1.252691564,1
10159.7525,480.008836,25.88090262,268.6728861,0.726891483,0
11657.15397,453.4198334,18.73815958,309.540188,1.210764315,1
9928.120553,460.759464,33.34736179,363.1229285,0.698061296,0
19838.56583,414.646988,18.43457789,356.5696649,1.291928459,1
14133.99403,499.6760568,13.0680927,502.6742749,1.02377645,1
9805.680403,646.9572844,12.54899001,402.412291,1.09068925,1
15138.3428,319.2308441,15.54981396,261.83459,0.517721066,0
13485.89896,267.2294439,41.12228017,301.8142529,0.684349245,0
23358.20662,867.6937421,27.71178886,426.2027725,0.83481298,1
10988.88357,696.6506601,17.45576905,353.995284,1.052358317,1
24331.35191,606.1973316,26.12114486,358.9825543,1.198809286,1
13090.74687,774.9853773,24.18717091,502.1523057,0.850033446,1
18289.87354,862.7813996,26.83280513,243.2229723,1.094349698,1
20446.71849,927.8661325,19.68571027,377.0417346,1.066596136,1
16770.51238,508.2081788,35.44394561,289.0315274,0.638910698,0
21001.71869,773.1280728,7.937086854,365.9299215,0.897439812,1
6191.373584,428.3482333,20.43071723,436.9276354,0.813547378,1
11531.46702,287.8690517,20.80344659,169.0999867,0.786108073,0
13220.81569,351.4619783,23.06347555,146.1329536,0.726895153,0
16381.05901,447.8491354,12.44935874,383.7847438,1.006630292,1
2679.07961,533.1537305,34.30655442,335.3826027,0.580517469,0
21161.45801,401.8704422,22.64423627,404.5550322,0.928463523,0
12578.57554,235.8070076,27.58821361,269.5287108,0.636623714,0
12912.81217,220.152271,25.55140759,220.9802319,0.726243374,0
16678.53749,799.306405,25.76921041,306.6356627,1.187028103,1
11130.88427,59.47469377,25.4819814,131.6264182,0.913045124,0
15982.99844,337.4619649,21.44708674,217.194197,1.016699611,1
14942.72245,376.1671329,21.12300309,362.3385832,1.190819665,1
15282.24875,469.8306604,23.46537513,320.6598968,0.885841395,0
18996.94418,794.3141858,16.33550401,424.5197448,1.012193054,1
16142.33278,411.5394067,7.677881303,368.8782384,1.148909652,1
14504.81302,672.286818,22.27725244,413.3017396,1.184252383,1
8889.611273,689.3030109,9.610065301,337.201072,1.113429927,1
14178.48884,99.71882793,24.3773641,328.3530915,0.93062613,0
14757.29788,340.9484174,33.55209966,274.6792528,0.690527807,0
12920.5876,195.6426239,32.37345771,242.2248727,0.740855721,0
18276.6992,538.14034,45.29601216,376.4598721,0.665870299,0
14513.22867,387.048619,28.1097818,241.1287207,0.511183502,0
12922.2165,647.5710634,35.28846279,195.3027611,0.818778734,0
5761.227276,468.9474264,19.01544432,301.2241736,1.031780188,0
15394.82786,669.0122137,17.70836711,510.0209059,0.889850149,1
8160.217753,410.4711355,29.12730589,449.7499739,1.019082423,0
14719.17961,279.6869267,14.18570235,333.3408624,1.109927168,1
20156.87707,425.7736088,34.94370589,494.9713959,0.915135512,0
9142.844444,354.0122168,24.8421881,316.4128838,0.562589351,0
14589.56331,152.6281157,27.72636785,271.6479135,1.044428674,0
12705.07911,305.0572085,31.04472936,109.7454752,0.72680827,0
10305.05815,576.4886721,23.1724127,387.1009351,0.593936363,0
17458.17804,672.0656912,19.0250029,324.8222691,1.217042217,1
9699.82418,351.2998333,29.58037942,102.6026041,0.891232342,0
17509.40012,441.0443129,29.08319675,110.2592178,0.580712068,0
12078.7055,776.8693207,19.65630376,413.9356452,0.992425337,1
13324.22861,312.6786166,27.81668383,185.3689387,1.187442632,1
18962.14934,872.3771548,10.79911744,224.3031389,1.052708514,1
12216.19847,209.7230531,29.28413319,130.2883755,0.738871658,0
12195.12435,457.1048894,22.43387213,140.7391901,1.002552638,0
17833.63179,462.2223444,31.22077458,496.1101543,1.078848144,1
10075.37682,533.5326752,32.84552851,302.6110457,0.630649759,0
11507.8831,576.1926919,6.735674796,384.9052074,1.106885161,1
9307.769081,583.6205776,27.70068077,195.3113192,0.319908852,0
14936.52356,719.0196046,26.69041597,361.4458724,1.325148039,1
8636.21415,317.7874746,25.79348914,504.212609,0.507715268,0
4725.611244,710.6869106,37.07097282,143.4295763,0.711720871,0
18123.74338,576.6237929,18.24536587,340.4479727,0.974624585,1
17303.89036,625.0316368,29.13748594,316.1349507,1.133071188,1
14501.12238,489.8271727,19.10593496,512.9857163,1.233927964,1
17736.45655,551.8009242,28.20424246,532.5061087,0.801390617,1
13913.68815,751.8408508,31.26887687,434.6989409,1.335135416,1
12917.84393,164.8441388,27.30173653,191.5876628,0.951998611,0
17710.6347,385.5285026,13.60314735,309.4209628,0.925297099,1
20220.16512,552.2573454,42.06676163,254.8349794,0.625538509,0
14031.59906,177.1519162,28.26700362,323.3152092,1.077347155,0
21109.10501,617.7588293,33.23667239,437.511457,1.318991832,1
12525.68719,299.61646,38.85759291,280.313068,0.906120498,0
17963.5249,572.750356,18.63165585,319.2065799,0.708387236,0
12864.58401,799.9979126,13.01556213,327.2524701,1.032112787,1
15600.72486,510.8843034,11.09948716,265.7802111,1.084249035,1
12620.38644,250.4158163,30.96983721,149.0812923,0.630099594,0
14426.82235,231.5288679,28.83684612,189.4807598,0.521733295,0
19388.26257,785.1916084,18.50662058,339.3020557,1.0714653,1
12225.55252,652.9305222,23.57113849,375.6303358,0.973244513,1
16417.40623,798.2492028,11.49607249,385.5916473,0.926056981,1
18699.26304,903.4762035,14.84179868,419.6395457,1.091945915,1
20669.16036,755.0394714,34.73924579,234.8297987,1.192789895,1
10892.9061,572.6629584,28.71487574,265.4105933,0.429074203,0
15309.57757,649.9539174,17.84782438,481.2436843,1.172785842,1
16325.73374,223.5159009,18.07421246,160.9547761,1.109124028,0
16360.79297,496.3191968,21.94703621,268.4033557,1.312614405,1
17480.63386,274.345123,26.08121366,150.6121124,0.844357658,0
19418.45895,790.6920883,14.06426442,223.0883695,0.951036452,1
16556.58798,534.239473,25.68509369,459.4874284,1.18201375,1
12050.51649,530.1813279,8.056596409,412.9790945,0.854575387,1
20560.45297,825.5621254,20.68962713,438.4353092,1.059777554,1
8522.630098,555.5809655,26.079679,191.7641559,0.687555785,0
19378.7382,656.3601146,18.88947382,456.2726956,1.237711302,1
19333.78389,560.4058152,12.64591604,243.9751803,1.131227982,1
11636.43838,313.462104,20.48927256,269.2328257,0.898787072,0
13414.80622,358.0931885,22.65981499,278.9216734,0.747326159,0
12441.63156,246.2319191,14.0694086,314.5489586,1.27132429,1
10513.85512,768.3373145,18.03130522,245.3388195,1.139489961,1
11438.48235,416.153819,27.33483546,203.9086043,0.492618832,0
14505.20706,553.4596387,27.5283863,404.1460305,1.37641078,1
6682.321302,419.9386911,32.71717079,141.7658595,0.907819898,0
13392.20752,498.9269652,15.79077949,334.6416326,1.303924373,1
7700.222542,287.7236539,31.34565401,216.6623581,1.178131717,0
13083.28946,492.6569164,13.54638986,314.7379216,1.033547515,1
13081.53801,427.8535188,16.52939036,138.9274866,1.228344771,1
10102.81011,228.5534309,26.71122921,447.3833025,1.048402872,0
21181.29146,794.2062848,11.49153271,399.3694334,1.184743804,1
12572.13987,441.8988881,31.76271379,203.8449901,0.539304962,0
19105.19114,489.8291953,17.056863,181.3058856,0.702083308,1
12865.12849,281.0989051,18.03716226,410.3340172,0.99280921,0
14281.34486,483.9904052,19.76787618,338.8260991,0.753483489,1
15399.32654,426.0987622,18.20975498,284.9394044,1.022881943,0
9748.743561,145.2683971,40.35635007,259.9320345,0.744323592,0
14951.5654,765.1889478,15.58727059,380.1056849,0.843389543,1
17473.88579,626.3387289,19.54358944,357.601738,1.17287811,1
15980.89112,501.0560955,25.02234507,274.4023412,0.955177607,0
6423.813642,489.5370203,45.32399316,398.4456108,0.704427964,0
8668.446201,252.2652342,36.03497029,398.63783,0.83117888,0
22555.60403,754.0151724,21.04447551,460.6471801,1.016386824,1
9005.12821,622.6053578,17.4123902,447.292154,1.206153144,1
9668.985804,412.2082901,23.44881162,252.62961,0.722558039,0
15967.40262,677.7137218,6.631537811,426.645805,0.700102607,1
17539.9714,466.2904859,26.97002913,500.3561819,0.910864235,1
11291.47316,227.035234,36.18160409,332.0971221,0.714074076,0
11929.9944,250.7741612,31.46707473,223.9090431,0.615018423,0
7639.057666,164.351089,28.32391904,436.6627255,0.593904277,0
9835.880378,471.5677637,32.52426161,181.7395569,0.795414286,0
16093.75204,345.0857791,28.43830605,209.3978065,1.136469225,1
14830.65963,547.7244649,14.80309239,211.3909305,0.846482992,1
19051.7022,425.3688734,21.2880993,423.5603094,1.260151268,1
12948.8569,632.2666591,17.4188642,304.3078079,1.186166287,1
7000.128962,215.2554656,26.50726396,230.1093379,0.851335899,0
13083.89499,570.6417402,12.08847706,259.7743527,1.204915038,1
15119.35015,355.243504,17.59919979,569.704645,0.838176887,1
15124.72798,437.2142308,21.30350843,447.5484803,1.15296133,1
20389.42202,709.8421371,18.73752118,278.130932,1.097287703,1
19634.7988,295.4417511,23.83736422,233.0015189,0.843397561,0
17532.68902,366.7054194,26.80341121,439.2677922,1.285576999,1
12549.47933,578.0251396,38.61166099,91.40043139,0.526245949,0
10181.11297,86.89515965,27.35656521,313.0396682,0.77619335,0
10379.17609,349.4085776,30.4120996,357.1259926,0.90836103,0
17852.5838,665.2946515,18.34921178,455.1726269,0.914202976,1
9429.315675,493.6634756,21.66221286,196.3588554,1.229413687,1
8788.999328,462.5434564,34.76305905,82.33601143,0.872085993,0
12964.11466,168.994259,16.70149917,478.3369093,0.593124252,0
17872.36678,726.4154164,26.67800358,322.8064391,1.168755551,1
15975.57601,410.0547113,18.23635659,309.0991691,1.04406589,1
9786.960579,285.2369905,21.67735705,339.0919711,0.548719165,0
17742.49658,680.7107057,17.31565617,437.6002969,1.122667135,1
16048.67719,557.5707554,19.46102765,416.5642421,1.205711903,1
11855.01273,242.7310652,21.18032288,217.8198088,0.729233888,0
13446.45107,295.5470115,18.45786645,274.7457375,0.803506217,0
15545.94996,282.9452657,40.44753353,121.1499724,0.497170063,0
20171.17732,493.855681,18.08153775,445.7947526,0.738146126,1
8672.958546,405.7663478,33.64686819,219.8980281,0.600629128,0
15639.65225,819.2552376,12.19574848,321.9364499,1.108266538,1
16031.2479,491.4573693,26.7889472,308.7315706,0.703088406,0
10011.14066,550.5318708,37.734869,83.38180366,0.663267535,0
10949.44722,163.6543206,37.24185398,420.6524113,0.830661188,0
7527.233936,408.3898419,40.56774877,197.0706971,0.452895917,0
10867.29977,464.2169636,30.9226878,228.8637515,0.309039854,0
20625.79763,347.9268847,25.81516091,483.8008195,0.850762248,1
11175.99983,307.3018194,32.57539817,254.5406261,0.747799212,0
17682.35752,425.2057372,15.19571232,201.897723,1.189204836,1
20593.5502,681.5459462,23.3506359,276.570572,1.013657429,1
18281.67088,487.4755525,15.24378217,345.6895412,0.864272472,1
13926.23714,367.2127935,26.69433851,325.2909047,0.883309931,0
15961.54963,833.2487163,12.64993354,336.7970781,0.86777048,1
13427.66335,743.4919075,25.98721206,627.3058244,1.223549655,1
6849.098994,551.2413543,19.56796423,213.9520679,0.57614964,0
11096.67421,317.0027899,23.21782936,265.4075039,0.534146246,0
8160.574242,489.177803,19.36308813,203.4361102,0.993407382,0
8387.001662,389.4498031,31.5938415,247.650069,1.101355119,0
6552.644463,559.7785527,27.24442876,99.13896282,0.766549531,0
13630.12785,715.1520274,31.80002758,241.9816283,1.054933468,0
11106.19205,407.068503,18.44186917,258.9022077,1.322076095,0
14372.15381,851.4321139,30.19962663,223.1272619,0.784993754,0
21403.45485,736.8248215,21.76568544,330.2383631,1.111487455,1
12711.49489,365.7307961,20.95575978,61.34194664,0.971081039,0
17305.43712,258.2675961,24.20584808,63.02982717,0.704677337,0
17796.49228,614.5004266,21.49767588,331.7482573,1.159972584,1
20624.16911,477.5345237,23.07226322,394.9256374,1.039599786,1
10170.7694,96.67377553,37.64585598,365.3201518,0.966074127,0
10412.43438,349.8989797,24.47073806,216.0256418,0.920612718,0
16610.80695,835.5400994,8.322194963,349.1267644,1.038413945,1
14009.07099,321.5771282,19.86727,35.57896366,0.616790702,0
17211.33684,438.9144838,26.89174328,458.7659316,1.237563021,1
15004.33654,442.0055979,25.7761057,294.9239102,0.845173147,1
13948.08042,720.7565818,29.60083479,28.62987285,0.759238472,0
16997.69803,390.5992086,29.86034767,323.3852194,0.610541155,0
17791.15657,355.9499724,17.27173268,291.2865525,0.609221635,1
11037.63504,633.3853081,33.47148093,113.9340029,0.495568786,0
6581.10882,443.4146149,29.46697694,123.4500098,0.812781511,0
16529.0498,392.0997528,16.86699676,323.8890938,0.870424088,1
18382.00889,613.9333517,27.93371638,302.8632967,1.382224431,1
10943.67086,497.1448745,26.48064984,303.0064543,0.689245892,0
12621.6455,611.8524207,28.87881986,183.7446578,0.720456054,0
15437.30994,575.8017988,24.96239365,316.8724636,1.078409625,1
11036.39672,676.3761337,30.77358004,530.5006456,1.378652103,1
7810.254451,550.2791271,28.89008931,55.29414536,0.576824555,0
9615.233522,787.358829,32.00553059,358.9729766,0.570362394,0
18026.38425,554.1371722,15.0402615,249.2676082,1.061556787,1
19555.47199,201.0441003,18.64207868,376.3256329,1.144061192,1
13165.59779,133.0894882,24.19165251,119.5407014,0.601760966,0
6482.542484,420.3421514,30.24450119,195.2737933,0.707987722,0
19263.50354,363.3986685,28.94420681,281.6706478,1.287287865,0
11691.81444,702.8935664,25.14141981,216.1707107,1.142054638,0
10454.92578,519.7048826,30.87590503,71.99219392,1.05732844,0
21154.36588,702.5677197,30.69028847,320.8948219,1.205930753,1
12787.84304,693.5263525,24.4537196,143.7146788,0.495504851,0
9611.958446,457.3014923,27.82038479,93.09790127,0.525778199,0
14756.09346,622.8116049,12.06683642,382.5234505,1.203503053,1
19466.57938,529.2516258,14.93898846,333.0581118,1.174218202,1
15697.4632,341.9222759,29.20335872,296.7402314,1.209377968,1
12711.94503,627.590085,15.94549046,251.8501051,1.092044496,1
15295.30855,433.8667847,28.17695493,347.4017368,1.158410253,1
16482.87945,647.3138569,22.41510265,400.7726811,1.217326952,1
12570.21335,350.9048606,18.96407914,306.5780886,0.713216857,0
11841.60964,419.208108,25.57838633,19.98774404,0.849441949,0
7114.422635,160.2313141,20.37576053,335.3020227,0.568439574,0
13621.42183,564.1059752,17.51171694,365.5996161,1.033153312,1
16704.92428,516.0499126,25.34551267,365.9132221,1.157966631,1
13498.51181,603.0697176,12.92111858,580.7305726,0.825093615,1
11085.89304,773.0104957,24.74964519,597.4917615,1.076671963,1
12343.04701,307.2044076,37.44994324,269.7255361,0.678907942,0
13796.78195,558.8765172,19.69798121,278.9328235,1.1070738,0
23687.76796,527.2890312,19.17723947,397.3536186,0.914619085,1
10542.60419,729.1365356,24.58471762,368.2044497,1.189363898,1
19018.52082,577.3556542,9.684866345,454.9995352,1.087661849,1
14288.70252,312.1375703,24.19560378,270.132131,0.787705194,0
8878.724606,602.8817779,33.62215979,139.6641244,0.909551467,0
8333.432697,606.8233701,39.22105793,124.5806132,0.73813846,0
23075.18906,599.3469431,19.96812861,135.3300765,1.093704619,1
17392.74731,881.6490992,14.17399317,391.9514981,0.979436273,1
7136.34422,575.223616,18.28197852,216.3394202,0.931672248,1
11740.29401,356.467293,42.22599846,112.9319832,0.91142912,0
11478.96068,421.5867244,16.73858643,310.0459229,1.307403257,1
17144.38954,378.8768698,31.38057338,272.0518934,0.618787191,0
23976.93065,708.0846606,18.86287993,370.2896434,0.997390861,1
16965.85852,674.7646465,41.69609042,317.0204907,0.853857889,0
9942.743472,438.5332649,24.48361879,288.661246,0.913243647,0
7050.583752,349.1094964,33.76494183,322.5280694,1.129797732,0
11132.71814,553.7666862,16.86559174,297.666613,0.680656277,0
16245.52604,326.0965027,28.86852181,559.7336001,1.235244578,1
13952.56424,589.2413519,13.45748084,449.8325969,1.235822606,1
13018.57495,187.1147907,30.18597097,206.3436886,0.692348853,0
6214.840015,579.1115609,24.34282319,492.4108304,1.038098075,1
19973.37829,582.5087397,15.51284415,430.5332487,1.050066917,1
15382.56539,435.5548614,44.47184786,87.42471529,0.652214625,0
12995.94311,625.2957879,33.79437498,142.9695703,1.100810033,0
10623.20313,575.5199806,22.9567632,324.0615567,1.004462379,1
19153.32915,457.4617207,38.11090853,337.7965232,0.830492839,0
12864.99889,208.3744147,24.4938046,370.9790961,0.981816506,0
17272.38862,330.1483264,18.78618034,346.7544686,1.199652265,1
10959.24735,337.7564972,29.00609667,289.3087898,0.728626117,0
8413.988325,720.2934346,20.11595957,188.7840613,0.868468501,1
10512.6312,428.500327,20.11342387,128.3067849,0.845867244,0
19112.84219,565.5314385,18.3924566,356.2224197,1.27093998,1
13882.97822,441.256881,33.47581878,296.616837,1.084979162,1
19747.04762,743.386804,22.21381291,502.7911898,0.781644498,1
8918.64786,284.7839742,29.76168989,256.0604222,0.543464096,0
20517.60532,436.9169338,19.01782443,355.3244554,1.292318541,1
15893.79725,336.1157176,32.47119628,552.1836118,0.991354249,0
11866.77213,271.9197499,32.24268129,101.2018958,0.681293024,0
11117.42692,260.3096543,30.04060439,176.8386752,0.661510377,0
14968.27248,442.6283637,18.05543484,177.5945017,1.252425943,1
10751.10899,438.7254828,13.21896837,229.7645812,0.971613179,1
9927.073051,195.4627123,31.25776479,164.447419,0.928191194,0
11002.06183,415.8895373,8.108968017,351.2013103,0.790368219,1
4261.983986,501.4789391,32.98715816,193.7204252,0.807153424,0
20556.59983,582.0780987,15.75347509,258.0398397,0.88642037,1
7764.021022,534.8172396,31.56881808,99.63583258,0.743573047,0
9551.63027,967.5888428,33.78618581,274.6901014,1.07227093,0
22896.73029,340.2217558,19.1377654,350.4878614,1.152504545,1
9053.874272,501.5287382,9.713156336,241.9075251,0.998297496,1
5261.144654,385.6424556,34.26355778,173.8149987,0.911279939,0
10412.13742,215.7492508,32.53627072,239.3796642,0.830803851,0
10918.59192,493.0097032,32.9384531,268.165748,0.715683498,0
8485.944513,332.5231586,9.388658936,444.3213887,0.872438445,1
9146.399388,399.6939032,33.85362636,164.1880725,1.03520445,0
13944.16569,280.6971608,35.91526271,197.9368321,1.031947112,0
12260.78491,403.6304593,27.0212029,342.9799709,1.399432938,1
6924.751714,585.3107175,29.98437459,192.2485231,0.866142643,0
11162.67533,622.0394558,15.93483252,429.5144292,1.328247111,1
11346.49327,-2.624399603,25.29367378,228.3266217,0.832821545,0
12048.86438,719.2050481,7.092992657,394.5620324,1.207762696,1
20462.27274,689.1687267,29.62973058,316.5379075,1.000871169,1
3741.495347,385.3290867,18.39218601,204.8134442,0.535936143,0
14178.89782,679.6050788,16.47946814,503.3109211,1.065847486,1
9218.796006,574.5435451,26.71103488,166.3291894,1.14723488,0
14680.30773,498.6903494,17.6272677,325.6130512,0.901067341,1
20503.19978,522.2363283,22.01434965,272.030826,1.040755435,1
16267.3857,460.2294801,27.09485612,364.5141402,1.276470908,1
14218.59795,593.8616838,21.49142679,250.2495387,1.462068879,1
14598.61241,494.933963,20.69529566,374.7134444,1.303066203,1
13906.13931,463.4943976,28.4291803,244.3582534,0.581029256,0
11504.02708,492.3944974,26.86646587,401.626958,1.042628916,1
12416.30499,597.434583,15.66006636,552.6388125,0.8869217,1
9571.113802,402.4630325,29.39127909,91.13196895,0.762441657,0
15232.88973,573.2816698,22.01463013,423.2527771,1.324394806,1
11346.16658,390.9207185,33.18337167,106.3013145,0.768789619,0
9946.742222,425.4201035,32.8902454,235.9085715,0.821946932,0
18445.48276,772.1987208,19.03983743,329.0143881,0.759859627,1
16593.52009,341.8847953,22.03538834,271.0563464,0.624534289,0
11339.07336,151.7360795,39.2933247,177.2431449,0.747342945,0
9592.440279,226.7051641,23.94684865,301.2095959,0.955907987,0
14591.27212,521.3542587,36.08357783,43.52501812,0.839584549,0
13579.80579,298.2643091,18.60641566,287.3565466,0.765448593,0
20253.62193,778.0503812,44.73042973,486.029633,0.750571721,1
11515.50192,503.2982185,44.27726196,79.46760513,0.672895128,0
18673.69094,346.3722066,16.48397716,156.1382464,0.872643503,0
14014.06921,593.5351785,16.40736815,530.9480151,1.13629251,1
7291.989982,609.3091385,24.1273663,198.9663756,0.676527313,0
19922.36489,603.8117775,24.74429462,386.3544015,1.043967729,1
14294.24686,290.1578089,40.10138171,144.2576979,0.666295165,0
19973.80536,762.2644319,15.22610841,218.9949004,0.737980058,1
15178.19541,202.776923,42.51946006,153.6406657,0.857995714,0
16146.00389,640.5542176,17.23307283,424.8551555,1.037980154,1
11752.95507,490.9930777,37.97576864,128.7502516,0.486867953,0
14074.14551,400.4871859,30.73755965,304.8596948,0.773898457,0
12110.7276,506.2972806,14.28652331,319.2782522,0.747685149,0
5576.855738,585.9500761,32.08473877,200.926988,0.934591232,0
6086.940621,593.9867456,17.70743158,291.303451,0.855148633,0
10075.35225,225.2078954,34.53877933,184.4791106,0.780302147,0
10830.52926,185.6622942,33.07345873,259.9961338,0.919850192,0
15410.27552,684.99099,9.731552273,444.7897123,0.957489069,1
9370.971563,401.430688,19.30830142,387.3626003,1.034597015,0
17114.67159,203.2561301,22.3314707,543.3663368,0.779363627,0
8985.162113,304.1068143,13.25053891,257.0020603,0.691967955,0
14082.26933,770.4004108,18.97297872,453.9772588,0.936382531,1
8645.859766,380.6207171,31.75510005,101.0286919,1.152113308,0
14164.7323,179.7493787,26.3182666,158.6655185,0.866518106,0
21144.6094,445.5985761,10.66033838,447.6187842,0.801802772,1
18688.88634,480.5729598,38.29332002,544.3542851,1.106345495,1
16266.65954,393.5716248,13.90944026,482.4549864,1.238883781,1
7623.790559,423.2530539,25.48330435,218.6665726,0.627081994,0
6638.685379,420.9271555,34.79833635,207.1501166,1.010803212,0
17688.32485,346.9422416,23.95266629,175.9879775,1.133828811,0
14588.67936,645.1334284,16.32059025,573.6894061,0.790389004,1
21992.13785,952.4047075,28.4019048,524.240321,0.880983759,1
17772.58761,695.6797897,21.48124988,342.1551009,1.053877235,1
15061.26941,588.7840043,18.09525906,283.5031472,1.443489324,1
11698.12251,408.7418525,28.35704981,195.0305185,0.877417813,0
14075.67788,624.7723113,16.32916554,263.8093927,0.765571534,0
17410.26866,514.6535602,22.48351989,354.3684173,1.125811244,1
10518.74766,294.0128759,27.33513819,244.7945979,0.68846248,0
18677.40444,570.8024557,16.72402086,346.0000456,1.110202194,1
6441.86532,631.9771009,28.18736082,341.1691475,1.169692998,0
12961.60723,731.521759,12.36047516,300.1065744,0.905046317,1
21767.74121,547.6500491,16.67797321,343.2070094,1.232210992,1
15049.25485,533.8472351,20.1276195,357.9679108,1.074661743,1
22023.2439,340.6104304,13.22535952,423.5691316,1.119358914,1
19928.36208,417.8262716,41.23226704,181.0761555,0.750188477,0
19320.10463,571.0831054,26.77634546,407.7405199,1.185251536,1
16217.78231,487.2786715,12.32344916,314.1668631,0.96223362,1
16968.66469,423.5224845,14.01735703,203.8960943,1.085882251,1
16206.84793,206.9278368,29.58374494,142.9938171,0.992225768,0
8278.294836,475.0674883,26.15184493,192.1888483,0.48589646,0
16420.28331,662.1639554,14.77102447,293.745791,0.937166487,1
15042.57753,360.4672884,24.96800192,141.1181447,0.519864498,0
20201.43501,239.9278599,20.6272363,207.289518,0.745992826,0
12267.75335,644.2627177,12.27170213,436.6336129,0.946507509,0
6530.107122,561.2298048,11.66560393,480.5330907,1.044723126,1
11533.59335,271.3447613,21.36813327,250.6790427,1.130138048,0
14648.48828,271.1353426,19.51344534,325.3222973,0.690198302,0
17223.19435,624.59568,12.68223426,421.7470075,1.329043365,1
9769.21641,366.053908,35.83994674,269.2922342,0.964993952,0
12802.26934,18.49656685,21.17896972,280.5576657,0.716944041,0
9566.709954,633.6709305,14.69346649,261.2905814,0.768649709,0
21322.34367,765.3919321,21.82591941,209.9378437,0.752738322,0
13585.54893,551.2870522,13.11965672,501.6132761,0.89881154,1
17015.65804,729.2532178,13.24533714,296.4700532,1.04218473,1
13747.58269,458.8591007,29.03687895,45.38771233,0.568934508,0
9121.297917,451.3010553,35.5061328,383.4371579,0.930228782,0
14767.23667,618.6379941,6.56973072,374.5260127,0.986283362,1
7875.241885,600.9529207,36.55346525,172.5868831,0.490031972,0
21482.11136,793.6634257,27.49514186,226.6143079,1.166863606,1
10993.56954,417.2189975,25.04538143,372.134315,1.281222129,1
21436.01502,457.7382319,17.81671572,260.1427242,0.926333917,1
7773.287232,447.3505251,30.86949829,338.6345729,0.699594823,0
16613.44834,534.3176245,27.23769681,338.6441585,1.104438789,1
11648.09923,277.7664926,30.83720528,132.1720946,0.479265244,0
10011.51462,260.7969311,20.88745393,141.8364626,0.949793079,0
14796.65178,628.0664367,15.74529883,252.8288177,0.713600297,1
15146.91575,694.3777153,18.54303327,202.3175188,0.978035148,1
15224.22689,455.935244,27.02818896,253.1725305,0.631472253,0
11372.18953,355.0839957,32.72045425,314.8782577,0.684171478,0
9727.814256,587.7045134,21.12927899,304.2983639,0.699180974,0
19742.30329,907.6293493,17.4370039,384.5561575,0.860690637,1
13561.41718,313.1025286,36.90457878,140.8113489,0.569483563,0
9548.695522,266.5718917,29.4304669,253.9005809,0.653426735,0
11251.8521,476.6980899,48.24768793,227.4953031,0.756707739,0
13137.64985,359.8496602,25.10505171,225.1387163,0.668823522,0
14954.43815,318.2012591,28.85619044,398.4405884,0.734939793,0
15696.45247,620.5041488,35.98562151,162.6076324,0.701069427,0
15686.70237,875.545107,12.4201342,382.7458775,0.976242354,1
8628.088692,345.2898233,23.87792193,177.353069,0.865411171,0
17244.35993,590.5059218,28.98677887,311.1487761,1.336791597,1
8448.23664,315.3175219,22.62051138,185.3989399,0.724613161,0
6695.067435,583.663681,20.93780792,232.1745114,0.754005371,0
19060.96821,495.3851934,20.51874466,329.7462856,1.278801719,1
11163.78731,326.6959558,21.11718803,71.97928562,0.936270956,0
16046.57844,703.0256907,22.36304557,326.3988377,0.97914626,1
11417.38318,271.1180465,20.38852578,77.21307809,0.940282331,0
15513.74059,316.189371,43.94926303,200.6460332,0.537397877,0
16718.45007,399.2922788,13.02904555,417.2169576,1.020742591,1
7669.695302,496.699869,34.53406064,210.9201583,1.031558588,0
5664.200246,273.949501,25.01715471,237.083145,0.774896018,0
15786.89363,423.7245578,14.07869254,539.0165274,0.8111262,1
13522.93537,410.2189632,38.56100569,253.5667562,0.606030426,0
22913.80178,469.4064829,25.25517172,445.1758157,1.107379352,1
9175.72502,461.1706147,25.84057946,210.8961788,0.758862972,0
15277.60521,327.6159606,18.20563938,375.6383724,1.167635039,1
9768.625693,492.2828858,22.23579352,142.5796321,0.614478599,0
18212.24718,582.0373113,21.14756006,468.1139504,1.098219757,1
17891.83525,577.802971,12.9713214,229.7537129,0.999604638,1
10475.36229,771.53536,28.02946043,203.1894351,0.923770945,0
9616.688846,317.8850709,38.70580947,256.4569992,0.673210135,0
19703.06296,597.8825978,21.53182403,378.2182962,0.933989129,1
19017.30829,632.0232693,10.80315821,220.9760987,1.161230742,1
9493.889141,507.6753577,17.0137954,223.6678633,1.088295521,0
22289.07033,538.5197655,7.726632854,423.1682489,0.789375375,1
9787.226136,331.085312,25.44303595,199.2610167,0.776584842,0
19748.91933,233.0364526,20.77728932,362.4573262,1.233815836,1
16033.17656,511.337374,11.9878466,531.7140416,0.962370457,1
15178.03978,270.0389752,15.57601755,362.0952584,1.25552931,1
10953.33065,631.2109412,42.80232387,369.7791167,0.566009161,0
17776.93025,742.9029021,19.96064153,304.9158218,1.365759473,1
20641.94388,509.077991,19.61561865,356.8366905,1.267444956,1
19275.47621,953.3760548,17.67753536,287.7610012,1.01369961,1
11735.11592,471.3432968,24.04297455,387.735093,0.753236779,0
10294.17564,688.8267702,36.15811226,191.8333528,0.700095733,0
12555.8964,398.5129608,17.57358474,354.7838542,1.2290598,1
15761.63603,548.1076159,12.32944269,158.6934159,1.03149272,1
16644.26983,488.217451,23.33082771,339.6702571,1.082933766,1
10535.11985,365.1143843,19.59981635,201.1809219,1.144743958,1
16007.93396,405.0850707,21.18964201,247.7398788,0.778424569,0
15987.98365,724.3128401,18.6334006,377.9806274,1.351954145,1
11541.3344,528.3433207,24.8596601,267.8386292,1.067224989,1
9148.010533,446.908739,37.1995021,113.6734808,0.804462097,0
9211.30448,444.1052063,26.96764293,139.9277234,0.672543471,0
11942.26795,246.9421165,36.80248012,177.1806313,0.625289439,0
8855.59192,187.503647,25.96211082,267.4622415,0.599631898,0
9414.381761,575.1073586,23.09560323,445.509487,1.270329309,1
12568.50698,357.0686422,10.22336045,388.3364547,1.06973309,1
10546.53208,734.1805931,15.3563588,411.5595268,1.155074307,1
12926.2448,718.1983744,18.21536747,362.4698671,1.272099106,1
18109.79449,732.0745559,15.58284836,369.1395994,1.14336898,1
11597.04691,676.4086916,16.54219703,426.4859912,0.983784145,1
11012.80731,810.4516665,24.68681928,126.8436545,0.580870652,0
15747.22275,635.2171956,23.23535445,355.5815651,0.967452359,1
12832.36978,558.3646671,28.31822508,119.117988,0.757656984,0
9597.131085,621.884453,28.38312217,120.6238327,0.783866828,0
11289.97568,502.1840733,8.505822341,370.9917091,1.178369976,1
16128.76066,458.5561508,16.30525587,477.3602554,1.222186221,1
8907.857792,54.25553239,22.21819055,267.2588308,0.903653697,0
9913.507721,152.3343565,33.4309182,105.6806707,0.613587655,0
16349.28544,364.6545361,49.56727122,451.6277372,0.733883366,0
21433.15356,777.3344284,25.8430839,411.3576658,1.324252373,1
13915.25271,243.6316381,34.89626992,81.67145496,0.706769936,0
22818.57559,712.994154,16.3703306,369.7446866,1.159076547,1
17849.3821,594.7076251,16.03555189,439.3091482,0.97882923,1
15713.81408,771.1084687,9.761665626,306.7283275,0.922485458,1
10339.49293,373.5878703,24.76496309,157.636523,0.985830213,0
10769.4048,455.1433703,35.51223282,188.3722901,0.900844988,0
10518.33856,422.90968,27.78985989,301.0670908,0.61182272,0
12113.99654,306.1935049,38.41450512,153.6791502,0.412501515,0
12931.5572,781.9682253,21.00209913,454.8589423,1.174953222,1
19203.12922,373.3056114,27.99425796,574.8434314,1.184849865,1
11763.20038,384.2245913,30.61783028,288.230503,0.768650531,0
15219.77571,305.0418544,21.73071996,384.1659003,1.086265086,1
11176.44877,267.652473,22.67736349,387.7474128,0.607505007,0
8345.44922,578.398771,34.31683466,292.4468087,1.104775708,0
16294.07945,264.8572916,10.89887585,225.5123136,1.131803646,1
17584.04668,688.6911624,30.00561186,293.1098663,1.356776443,1
15350.81394,526.6977249,9.085470662,211.6267197,1.059923776,1
9324.967799,339.6151605,23.72797745,281.8019577,0.512589394,0
9386.848855,423.1791421,24.31875892,437.1275216,1.130427041,1
13204.68253,355.0752279,26.78489992,242.6143595,0.679421511,0
8945.064372,603.6248261,19.08800569,111.9357733,1.090715078,0
13253.78231,426.8271685,16.32674053,362.7206149,1.144430412,1
6913.013079,408.2984191,33.06555102,175.9867083,0.487776529,0
10257.33756,715.7160335,13.74495904,423.8169376,0.98453794,1
15794.19325,732.8167481,10.00440618,430.374238,1.002601101,1
15627.75852,506.3140271,23.69721102,103.65962,0.458246762,0
11584.48083,434.1016592,45.68525504,258.5815446,0.622377704,0
22775.11559,558.621601,25.83309613,350.57091,0.950078425,1
15999.55528,461.9332868,25.20638629,132.7077926,0.405293929,0
19173.06199,644.3756587,18.27687667,230.5308056,0.77899952,0
11354.9124,463.2722226,23.23334773,173.6271522,0.577621977,0
13792.85183,272.9017196,26.96430933,61.93782942,0.678685654,0
12177.03386,683.3136413,9.425026014,349.0452304,1.167857677,1
19896.3597,425.9246627,20.30948896,525.0905274,1.145594277,1
12398.29796,702.3763301,21.09186194,522.8139909,1.367450291,1
11750.02156,358.3448351,32.36069382,431.6908208,0.513129196,0
19413.4643,476.0046593,30.01862888,410.696324,0.827484055,1
22879.46515,463.6292851,27.0254989,324.6441908,0.777942331,0
13238.74482,542.9770824,46.2856131,378.3176994,1.219020067,0
14286.57878,575.7626033,18.71377643,392.9273457,1.114765447,1
10567.58585,768.9456358,28.48001146,304.0159809,0.977028194,1
18630.0382,601.9582053,20.25355435,313.6632582,1.19673939,1
16320.37311,585.1833984,23.14114869,278.4516707,1.209062531,1
12681.30913,504.366146,27.30752919,467.4239986,0.956687297,1
6839.397453,525.1919868,30.13455334,181.6214095,1.027081453,0
16203.96773,201.0301526,36.54168191,149.5039509,0.758163686,0
11908.96415,857.3180222,22.91977312,188.3986733,1.139617056,1
16133.32033,820.3167062,11.02604275,389.4557665,0.710900282,1
15702.33599,210.7780604,37.00700105,100.7382615,0.914078114,0
14020.2775,536.3466251,34.25101572,292.6121195,1.231377105,1
22720.28331,539.2115371,19.90844232,515.5844639,0.762776745,1
14053.08503,476.3381171,24.44671638,337.796075,0.862854537,0
9679.919924,378.2038812,29.12954536,197.6688418,0.900543407,0
22748.25583,582.3669877,42.15233752,111.9119694,0.871418566,0
13229.95125,288.8069771,27.9669014,241.7186248,0.513149204,0
17130.36201,234.2851834,23.09111697,362.6272329,1.056898757,1
18482.75498,588.8800664,22.57844948,166.5041299,0.594986002,0
10514.62513,810.2043617,27.20090532,423.1052332,1.080563495,1
9034.500011,539.1131973,39.80705449,337.6486643,0.827953273,0
14172.51034,601.0034498,31.64068393,165.0226626,1.001530663,1
16838.00332,514.1234539,17.00492479,537.6209603,0.932547958,1
12676.05824,389.711935,36.89639199,106.0505124,0.989314422,0
13245.25733,566.3745892,33.34930056,364.3978871,0.958499399,0
11119.19777,970.1039753,17.72992372,367.0778696,0.939608001,1
17510.95823,380.1713625,12.95942604,361.7394323,1.077094185,1
14897.03018,421.7859739,21.17344568,520.6438105,1.253533366,1
15117.34608,380.8404852,28.80835301,396.1686468,0.705924285,0
17641.54279,709.7801557,24.54598463,405.8171733,1.270434769,1
18509.39545,157.183709,32.39373237,260.181805,0.799023379,0
19371.70669,463.2711632,13.58796997,506.691893,1.171754276,1
20540.30025,279.2533776,18.1206613,275.7401078,0.768171279,1
11781.81086,375.832434,21.18507194,527.661765,0.976192867,0
6311.884222,271.3293423,26.18254948,368.4943966,0.740573504,0
17347.37438,826.3158906,10.44232735,121.6334222,0.800485329,1
12059.71535,253.8790995,25.8266715,45.01290901,0.756713192,0
16256.51658,516.7404705,12.68359492,429.2908127,1.127048909,1
17289.01982,442.3562187,22.15837407,469.2132846,1.217861114,1
14972.64331,639.5875199,24.35671513,293.1306645,0.895325385,1
17887.44338,674.0887396,14.53607933,518.3794215,1.156826115,1
10674.36315,616.1433047,16.83807862,463.4368057,1.135197156,1
14581.1385,589.7112314,35.61877159,331.3283259,0.750498699,0
16688.28035,616.8515236,14.91232681,328.442234,1.263414586,1
12904.19265,755.9952747,19.17936341,400.1763308,1.322445987,1
15944.12011,519.0576719,20.23471323,479.2510381,0.932331802,1
17572.97047,693.1269827,10.54089552,293.2523028,1.032987821,1
17583.5971,545.0347656,13.85762788,335.3067859,1.245638626,1
16709.15497,421.1470164,18.67887296,232.2741416,0.989383625,1
21884.89431,450.6367582,21.70910509,336.0092677,1.307628838,1
10009.93303,731.6483712,22.187448,196.9137192,0.793123265,0
7846.970393,493.33262,42.42147063,308.0283392,1.106035916,0
15807.28394,492.5576557,14.55431707,548.0102458,0.97438509,1
11956.26412,243.9942509,31.67441444,63.75920037,0.92576359,0
13189.91369,346.648354,20.48139505,403.3199214,1.078747464,1
9934.393828,246.560815,29.08063723,420.4449769,0.504828024,0
18640.15701,648.7764532,13.69844269,579.1473341,0.819268472,1
18857.09339,436.4992354,16.22759284,246.8904394,1.208929249,1
16673.29528,592.6851255,14.48327473,438.765157,0.982747321,1
16682.712,313.2557227,27.49363804,383.1969907,0.954488977,0
12698.07826,511.9078135,27.39132798,244.8267885,1.01992824,0
17345.89173,732.265119,20.66549767,452.4736387,1.30082536,1
21632.33886,862.7624937,17.83097666,238.3488544,1.215679923,1
19712.82908,448.9619681,29.47141923,226.2089832,1.046955828,0
10659.18354,358.6709536,14.355763,222.8913449,1.187019847,1
16475.80237,382.0688131,38.08245252,354.2801215,0.95540133,0
19524.24004,952.0714595,19.10518031,274.9929084,0.949566887,1
16792.06213,501.526223,22.34933568,591.743759,1.233605044,1
18060.14644,319.3153646,19.74599614,515.953293,0.957668581,1
19096.7319,440.635748,10.92393731,476.2271327,1.157027184,1
16518.90529,457.2380009,22.50497541,420.6404213,1.201845894,1
16048.58482,780.6362396,11.33803312,357.2358138,1.271669141,1
10742.16335,787.9758194,41.1180455,484.5462666,0.750385476,0
14999.81368,453.7525408,26.28090258,396.317429,1.017831344,1
19580.95284,614.7073215,18.38193799,483.1773505,1.096908988,1
9144.527123,212.489225,28.77255565,154.8760331,1.226809789,0
12738.27841,782.2342012,19.55133302,367.5158271,1.161737172,1
14983.79858,458.5814867,17.92588755,441.1933691,1.226352498,1
19819.10485,619.8471514,32.3792654,5.998987317,0.690716357,0
11148.32576,306.1355969,45.23267225,175.9616815,1.020172996,0
12761.49023,487.3030682,26.8975408,312.0400732,1.028638565,0
17899.06314,361.7171324,26.64202721,100.9524796,0.792428056,0
16109.02161,642.5283343,11.94473439,273.4861328,1.09913507,1
18542.2041,482.1218454,18.59249784,149.5537579,0.892496465,1
17723.42716,895.3446824,18.45737927,328.6003793,0.737074023,1
15947.50663,721.405879,21.67628384,462.8118415,1.21766962,1
15412.52469,396.9825245,30.46598636,167.326225,0.567121781,0
9490.387249,251.4541953,18.88204554,392.3274949,1.082602203,0
11816.07331,468.5558395,30.62057173,207.7455488,0.741593162,0
13673.60233,595.3115817,15.11819204,315.1112635,1.126069116,1
13613.48186,329.7770033,38.66450713,122.3164838,0.883573861,0
8228.861104,197.2420956,19.65030951,245.735989,0.647461972,0
8948.532328,545.2987762,16.76984327,231.9191548,0.456539844,0
13940.07167,510.4597245,33.75749806,429.0803715,0.727940096,0
13112.71456,539.6393696,15.87801898,513.3407866,0.812202677,1
14655.86388,412.295929,26.20990858,290.1656609,0.824413151,0
10077.02903,517.6383715,30.72857926,201.7749236,0.540720516,0
10943.67868,265.878877,25.10276742,161.8241259,0.737175206,0
19685.26164,756.3156768,21.38127189,233.7592807,1.408883933,1
11583.2392,684.7665195,14.55982918,273.75634,1.173004387,1
11940.61335,678.40908,32.69595192,296.7836833,1.45544374,1
13477.2809,525.0111789,32.96197715,127.3623503,0.473883139,0
13468.07463,805.6992454,27.42164482,490.248132,1.242313323,1
9142.18592,523.1698964,29.62934541,180.2683133,0.692623379,0
13162.72912,299.6048674,26.97428206,170.3528377,0.681278667,0
8180.633597,269.5077237,15.93880338,272.0294765,0.853730048,0
10339.61837,444.455299,28.37290465,198.3253102,0.666140089,0
18162.74578,433.3626286,22.85185984,262.2138899,1.123084716,1
19444.13502,736.9741711,25.45820985,425.5821457,1.068520723,1
11508.25839,275.576933,31.28139298,175.9227153,0.452048021,0
16485.45182,492.2242529,13.72266864,407.9505369,1.035604441,1
16940.7844,178.6542798,22.11176672,237.7063348,0.686519636,0
11788.08301,630.7523313,36.90310706,116.3931198,0.710630803,0
18135.32421,591.3802133,20.32955355,404.932123,1.151641979,1
12815.32659,128.1599689,37.60915311,227.0492511,0.464700105,0
22977.43027,568.8851745,18.32629052,191.7731138,0.666330771,1
11692.05396,364.7432218,38.93125468,244.9549725,0.65016702,0
11290.66308,449.4906634,34.17653529,153.7617015,0.711676318,0
9623.481513,277.0824948,27.00638347,283.7759288,0.571757272,0
7244.188331,538.0307647,31.6025166,160.1428822,0.985000574,0
8291.077379,572.6538415,24.29862154,22.7903508,0.902695763,0
8501.191708,637.8809527,21.37299077,307.5559185,0.744697748,0
13523.07692,821.3905082,12.36197608,413.9238543,0.726251282,1
13064.36929,363.2403908,13.93471483,375.5648703,1.231111281,1
13834.10889,525.5170268,27.38449384,262.1936585,0.504759497,0
11340.74295,369.1515878,19.46802855,185.4033789,1.188773744,1
6883.790594,311.6939407,30.94034122,207.1492789,0.337049204,0
6375.409513,647.2973511,18.68694755,286.5118161,0.925622351,0
19489.30036,439.5047821,30.96803856,225.4203837,1.106099493,0
15327.40067,271.5650903,30.66237082,226.4176123,0.880747522,0
8724.280485,568.0708805,40.79602282,39.4884981,0.747515159,0
20772.10813,597.9442881,23.0414048,382.3162206,0.949601746,1
18203.39974,953.4306286,28.28832124,454.9473797,1.020793019,1
10641.58292,714.2806757,22.56725113,442.8100478,1.285555202,1
14252.67368,319.2715273,40.20413925,160.8737669,0.951205432,0
7153.428122,200.7203462,35.91855857,179.4758447,0.720149086,0
10452.75163,455.0696231,43.14015736,227.8486541,0.619601833,0
14677.48301,587.6291367,17.37666422,323.8610724,0.89485111,1
16821.29788,449.6356617,14.0095395,380.6255048,1.209996144,1
17896.44968,593.7405968,17.17748218,368.1959171,0.934586495,1
7575.436588,447.7473921,28.53411906,157.0092744,0.840979861,0
20279.17268,806.0639214,19.40597333,489.0447818,0.879273173,1
17500.68067,784.5757839,8.892122335,410.0248059,1.086043658,1
19565.83264,132.5955493,28.17547287,234.3647069,0.85127794,0
19331.34734,709.0081252,28.61859938,155.068817,0.93377938,0
2571.13919,597.6621102,28.27747583,257.0780576,0.916172104,0
17599.22349,506.6637294,10.1357415,402.7501413,0.871871368,1
13745.85812,445.2182453,34.46667055,178.0463649,0.555268723,0
6946.356008,502.9461926,20.42072441,322.3391188,1.064226311,0
20332.18544,560.80297,22.05736226,496.9375876,1.254625969,1
23334.12548,555.2005631,17.95827755,232.089152,1.087202439,1
14836.29152,666.9691749,19.54942518,513.7711216,1.227405785,1
5005.633022,578.6518607,33.78563905,95.65997971,0.774248723,0
10595.69966,399.6082294,28.41211521,101.3606321,0.862651508,0
16809.22433,587.3737667,20.57981562,368.5156588,1.033963892,1
4019.23814,392.8238373,31.41872833,320.6927819,0.859370396,0
18713.95164,555.5307014,17.45133925,452.5980317,1.359123121,1
10963.42582,508.66019,19.01878919,171.5066746,1.039632716,0
21334.69978,290.8503864,23.07833924,323.0506487,1.103456795,1
9986.974266,343.1479244,48.00370264,412.0718971,0.825298858,0
8909.279068,311.9122922,27.2135686,269.8042275,0.741533345,0
17246.66155,456.954571,15.01141222,379.7622965,1.155928656,1
13559.13225,536.0493004,23.29180493,459.3859305,1.428352061,1
17559.07468,259.3816338,15.28842787,324.8671626,0.648048418,0
16930.14796,824.3654533,34.36876226,404.3521453,1.19691244,1
16199.9832,528.7648658,11.00961102,274.7787244,1.130473328,1
17855.56471,499.2376686,15.45008618,342.2817596,0.903382244,1
7088.134561,830.6410988,38.83469294,188.884512,0.52859497,0
13236.83074,751.872831,17.12810274,284.0090247,1.094377938,1
19407.77094,673.5542412,17.73352012,411.4322851,1.386359569,1
14526.34822,344.0887726,32.47804999,314.6471975,0.729287076,0
15678.97063,705.0691865,16.86055947,275.76566,1.264825188,1
12802.64395,417.841255,13.19741457,296.150689,1.059425484,1
9602.828531,409.3645823,17.65102252,399.0193059,0.869841019,1
15503.30453,548.3846931,27.21398929,247.164631,0.992263662,0
16170.97949,589.9668289,32.97274924,167.8541709,0.573820081,0
15998.30955,875.9852655,19.13082049,459.9790413,0.931573903,1
17962.0855,435.5859912,22.048285,376.1816388,1.29577357,1
14431.85864,941.7034792,14.77248479,330.9955322,0.913646164,1
17576.98447,308.4467444,34.24605355,404.8908991,0.773598196,0
17616.26376,307.1581988,27.51054127,161.3824391,0.546186059,0
14387.14573,636.0535315,19.03889216,446.3871072,1.231687245,1
16548.0098,884.3494303,16.96150731,288.7372624,1.021101273,1
11204.53665,222.2198924,33.80559358,234.6527764,0.68902208,0
17447.89548,507.9548511,28.77962527,573.1847219,1.225263916,1
13780.2318,645.3914942,19.37111506,205.1574669,0.975161112,1
15289.55289,278.2861994,18.80486503,479.6296503,1.007962075,1
13715.61,689.5451875,26.2477972,122.1799952,1.018039711,0
20005.2532,583.073265,25.5047048,332.1717176,1.232980702,1
20625.28682,613.8225128,9.930255452,424.3002509,0.753010859,1
18234.55304,649.8844095,18.07992138,238.5960277,1.131664935,1
15401.92171,563.1016038,16.86817292,528.307373,1.354463334,1
13277.62559,706.4189349,14.57931895,361.1063423,1.096851497,1
14172.55077,575.0978737,15.26749269,404.0118639,1.124402558,1
23303.18679,548.7404696,16.81647767,508.0590046,0.994769777,1
20135.62533,441.0881761,18.58196043,504.5675012,1.064626587,1
11428.82476,296.7072324,28.79149141,145.3882515,0.496606044,0
20526.36534,693.3929107,11.94887913,352.6200612,1.302328406,1
12020.24317,459.2019345,26.26870129,104.6216587,1.101348311,0
18915.44134,569.2113061,11.24092765,351.041455,1.124162341,1
10566.58671,241.3400847,29.43950403,405.9382426,0.516304347,0
12870.513,541.9500967,24.45477951,359.0347216,0.769595713,0
11139.10876,562.3735631,30.69076806,237.6569699,0.545565218,0
14588.72176,525.9987132,19.33870997,387.3066251,1.305105831,1
11763.53803,314.0195771,30.09523293,225.7454105,1.067748824,0
21976.50905,585.3065044,40.12319018,334.1411102,1.321630055,1
6885.281682,416.3550515,33.88897748,241.5275404,0.916678257,0
11042.56571,430.3993801,34.24023641,176.1253897,0.799102798,0
10367.4375,439.80401,35.10479902,197.8417086,0.848221452,0
15161.66158,365.8298406,30.18125165,312.1704967,0.826209855,0
17494.63167,502.4971506,9.369996095,365.9155547,0.777891857,1
17386.74904,351.5593428,17.72511059,252.7810445,1.12258079,1
7998.587052,629.857776,34.93849819,58.17589601,0.638438467,0
15356.75487,691.2272787,30.3408035,342.4451779,1.221939523,1
16648.98694,493.4474675,13.38280007,479.8020391,0.934601739,1
16513.05871,603.6979688,14.16852843,343.4755239,1.210952743,1
20650.45423,301.4305263,22.83086437,425.6680216,0.756244999,1
11829.4261,455.8087834,24.71746359,6.482423944,0.88339393,0
10774.17233,325.626145,24.67007363,264.1453063,0.929334308,0
13845.58357,785.9096816,30.62312361,328.0783329,0.964744018,1
19449.98999,885.1563638,12.68853508,311.5568019,0.968947678,1
16604.77552,294.5554104,23.63779139,355.6090505,1.11961463,1
15231.23963,570.3691768,35.18188755,371.5183006,0.916491193,0
13830.42495,364.7470398,38.34998941,95.75519398,1.101941688,0
12313.86326,367.9218383,20.9678567,336.5340253,0.80708871,0
13224.57407,731.6301759,9.518272517,323.0500319,0.950927285,1
23732.57287,491.7352039,27.83616647,475.6871007,0.765459256,1
9228.617018,263.3064611,35.49114027,366.1362848,1.02810065,0
9337.257766,576.7104615,35.91130358,286.3813264,0.756742949,0
5254.996879,452.2462982,19.36040038,240.5559831,0.79631302,0
16835.1736,444.3009809,37.38827577,287.2046635,0.624420966,0
4953.123094,340.2223678,23.76892318,122.1427728,0.880327427,0
11862.40079,763.5065184,9.570364404,244.6477156,1.015740932,1
23554.14352,630.3930216,15.94926607,347.2273539,1.021198017,1
12919.91994,692.1123175,33.92358166,277.810218,0.68310993,0
13587.15648,327.1894632,36.22902726,150.8031068,0.639759432,0
5488.570304,596.647513,15.81285564,446.020962,0.706032445,0
20742.30863,580.1113212,11.92033129,276.8737966,1.202756346,1
13091.76371,749.3644935,41.08278085,262.444158,0.424603742,0
17318.5742,567.015854,20.02812778,328.1532508,0.804210785,0
13786.50503,721.8420467,23.11163213,331.7278763,1.165163469,1
18582.8786,852.2842822,16.6469365,465.8810001,0.839071618,1
14175.68718,494.1500437,6.661556454,184.6550989,0.777742557,1
16956.06692,771.0176708,24.71300305,554.1295113,1.010759639,1
4947.948824,525.1658474,27.66322657,275.5766725,0.746381055,0
12638.09842,748.1976008,23.17086887,36.57176982,0.961979164,0
9024.267481,331.9323633,33.0186102,129.0226503,0.840796131,0
7086.185226,412.0510482,21.70011167,406.8210627,1.06971725,1
12915.4512,620.0848893,30.51635575,204.4860434,0.418301316,0
16254.46807,574.8496405,15.39480562,232.7279498,0.944397692,1
11935.34307,158.7959379,28.51207149,72.49942613,0.782893083,0
10815.85557,545.177295,20.98081471,388.9041477,1.171841336,1
17876.62778,692.2884884,13.12064841,261.690006,1.210204581,1
14903.25216,556.0966141,24.54636516,618.7144897,0.893871849,1
8484.321767,610.742944,27.09904751,452.0116352,0.766946978,0
16738.85135,592.1061063,22.49744481,589.1262755,0.735353143,1
15993.28054,676.424669,11.71498613,304.500834,1.021964625,1
12345.64785,606.9718891,11.99834671,369.4870678,1.005751981,1
